PLOT_ID,YR_POST_HARVEST,DATE_SURVEYED,Year,Month,Day,PLOT_NUMBER,TREATMENT,SPECIES,COVER,,,,,,,,,
C1,1,5/30/15,2015,5,30,1,C,PTEAQU,3,,,,,,,,,
C1,1,5/30/15,2015,5,30,1,C,DAUCAR,21,,,,,,,,,
C1,1,5/30/15,2015,5,30,1,C,CAMLEI,75,,,,,,,,,
C1,1,5/30/15,2015,5,30,1,C,LEUVUL,6,,,,,,,,,
C1,1,5/30/15,2015,5,30,1,C,FRAVIR,55,,,,,,,,,
C1,1,5/30/15,2015,5,30,1,C,TRIHYA/DICCON,6,,,,,,,,,
C1,1,5/30/15,2015,5,30,1,C,VICSAT,4,,,,,,,,,
C1,1,5/30/15,2015,5,30,1,C,HIERAD,15,,,,,,,,,
C1,1,5/30/15,2015,5,30,1,C,VICTET,2,,,,,,,,,
C1,1,5/30/15,2015,5,30,1,C,ANTODO,80,,,,,,,,,
C1,1,5/30/15,2015,5,30,1,C,ARRELA,25,,,,,,,,,
C2,1,5/30/15,2015,5,30,2,C,PTEAQU,30,,,,,,,,,
C2,1,5/30/15,2015,5,30,2,C,CAMLEI,70,,,,,,,,,
C2,1,5/30/15,2015,5,30,2,C,LEUVUL,2,,,,,,,,,
C2,1,5/30/15,2015,5,30,2,C,DAUCAR,24,,,,,,,,,
C2,1,5/30/15,2015,5,30,2,C,VICSAT,2,,,,,,,,,
C2,1,5/30/15,2015,5,30,2,C,VICTET,3,,,,,,,,,
C2,1,5/30/15,2015,5,30,2,C,MYOLAX,2,,,,,,,,,
C2,1,5/30/15,2015,5,30,2,C,RUBURS,17,,,,,,,,,
C2,1,5/30/15,2015,5,30,2,C,FRAVIR,60,,,,,,,,,
C2,1,5/30/15,2015,5,30,2,C,PLALAN,2,,,,,,,,,
C2,1,5/30/15,2015,5,30,2,C,HIERAD,2,,,,,,,,,
C2,1,5/30/15,2015,5,30,2,C,ROSGYM,10,,,,,,,,,
C2,1,5/30/15,2015,5,30,2,C,ANTODO,80,,,,,,,,,
C2,1,5/30/15,2015,5,30,2,C,ARRELA,45,,,,,,,,,
C3,1,5/30/15,2015,5,30,3,C,PTEAQU,42,,,,,,,,,
C3,1,5/30/15,2015,5,30,3,C,CAMLEI,85,,,,,,,,,
C3,1,5/30/15,2015,5,30,3,C,FRAVIR,35,,,,,,,,,
C3,1,5/30/15,2015,5,30,3,C,LEUVUL,4,,,,,,,,,
C3,1,5/30/15,2015,5,30,3,C,MYOLAX,1,,,,,,,,,
C3,1,5/30/15,2015,5,30,3,C,DAUCAR,16,,,,,,,,,
C3,1,5/30/15,2015,5,30,3,C,RUBBIF,13,,,,,,,,,
C3,1,5/30/15,2015,5,30,3,C,RUBURS,2,,,,,,,,,
C3,1,5/30/15,2015,5,30,3,C,HIERAD,13,,,,,,,,,
C3,1,5/30/15,2015,5,30,3,C,VICSAT,9,,,,,,,,,
C3,1,5/30/15,2015,5,30,3,C,PLALAN,2,,,,,,,,,
C3,1,5/30/15,2015,5,30,3,C,SISIDA,2,,,,,,,,,
C3,1,5/30/15,2015,5,30,3,C,ARRELA,25,,,,,,,,,
C3,1,5/30/15,2015,5,30,3,C,ANTODO,50,,,,,,,,,
C4,1,5/30/15,2015,5,30,4,C,LEUVUL,20,,,,,,,,,
C4,1,5/30/15,2015,5,30,4,C,DIAARM,2,,,,,,,,,
C4,1,5/30/15,2015,5,30,4,C,RUBBIF,70,,,,,,,,,
C4,1,5/30/15,2015,5,30,4,C,DAUCAR,40,,,,,,,,,
C4,1,5/30/15,2015,5,30,4,C,CAMLEI,40,,,,,,,,,
C4,1,5/30/15,2015,5,30,4,C,ERIPHI,30,,,,,,,,,
C4,1,5/30/15,2015,5,30,4,C,VICTET,30,,,,,,,,,
C4,1,5/30/15,2015,5,30,4,C,ANAARV,2,,,,,,,,,
C4,1,5/30/15,2015,5,30,4,C,HIERAD,5,,,,,,,,,
C4,1,5/30/15,2015,5,30,4,C,HOLLAN,35,,,,,,,,,
C4,1,5/30/15,2015,5,30,4,C,ANTODO,35,,,,,,,,,
C5,1,5/30/15,2015,5,30,5,C,MYOLAX,1,,,,,,,,,
C5,1,5/30/15,2015,5,30,5,C,DAUCAR,25,,,,,,,,,
C5,1,5/30/15,2015,5,30,5,C,VICTET,3,,,,,,,,,
C5,1,5/30/15,2015,5,30,5,C,RUBURS,23,,,,,,,,,
C5,1,5/30/15,2015,5,30,5,C,CAMLEI,85,,,,,,,,,
C5,1,5/30/15,2015,5,30,5,C,RUMACE,1,,,,,,,,,
C5,1,5/30/15,2015,5,30,5,C,LEUVUL,7,,,,,,,,,
C5,1,5/30/15,2015,5,30,5,C,HIERAD,12,,,,,,,,,
C5,1,5/30/15,2015,5,30,5,C,FRAVIR,13,,,,,,,,,
C5,1,5/30/15,2015,5,30,5,C,RUBBIF,4,,,,,,,,,
C5,1,5/30/15,2015,5,30,5,C,SYMSP.,5,,,,,,,,,
C5,1,5/30/15,2015,5,30,5,C,TRIHYA/DICCON,10,,,,,,,,,
C5,1,5/30/15,2015,5,30,5,C,HOLLAN,2,,,,,,,,,
C5,1,5/30/15,2015,5,30,5,C,ANTODO,60,,,,,,,,,
C5,1,5/30/15,2015,5,30,5,C,ARRELA,15,,,,,,,,,
C5,1,5/30/15,2015,5,30,5,C,DANCAL,2,,,,,,,,,
C6,1,5/30/15,2015,5,30,6,C,LEUVUL,14,,,,,,,,,
C6,1,5/30/15,2015,5,30,6,C,FRAVIR,60,,,,,,,,,
C6,1,5/30/15,2015,5,30,6,C,RUBURS,8,,,,,,,,,
C6,1,5/30/15,2015,5,30,6,C,DAUCAR,4,,,,,,,,,
C6,1,5/30/15,2015,5,30,6,C,HYPPER,1,,,,,,,,,
C6,1,5/30/15,2015,5,30,6,C,CAMLEI,95,,,,,,,,,
C6,1,5/30/15,2015,5,30,6,C,PLALAN,8,,,,,,,,,
C6,1,5/30/15,2015,5,30,6,C,VICTET,1,,,,,,,,,
C6,1,5/30/15,2015,5,30,6,C,HIERAD,6,,,,,,,,,
C6,1,5/30/15,2015,5,30,6,C,HOLLAN,3,,,,,,,,,
C6,1,5/30/15,2015,5,30,6,C,ANTODO,95,,,,,,,,,
C6,1,5/30/15,2015,5,30,6,C,ARRELA,2,,,,,,,,,
C7,1,5/30/15,2015,5,30,7,C,LEUVUL,16,,,,,,,,,
C7,1,5/30/15,2015,5,30,7,C,DAUCAR,25,,,,,,,,,
C7,1,5/30/15,2015,5,30,7,C,RUBURS,12,,,,,,,,,
C7,1,5/30/15,2015,5,30,7,C,RUBBIF,15,,,,,,,,,
C7,1,5/30/15,2015,5,30,7,C,HIERAD,14,,,,,,,,,
C7,1,5/30/15,2015,5,30,7,C,CAMLEI,80,,,,,,,,,
C7,1,5/30/15,2015,5,30,7,C,VICTET,8,,,,,,,,,
C7,1,5/30/15,2015,5,30,7,C,GALTRI,10,,,,,,,,,
C7,1,5/30/15,2015,5,30,7,C,RUMACE,1,,,,,,,,,
C7,1,5/30/15,2015,5,30,7,C,DIAARM,2,,,,,,,,,
C7,1,5/30/15,2015,5,30,7,C,SISIDA,1,,,,,,,,,
C7,1,5/30/15,2015,5,30,7,C,HOLLAN,6,,,,,,,,,
C7,1,5/30/15,2015,5,30,7,C,ANTODO,90,,,,,,,,,
C8,1,5/30/15,2015,5,30,8,C,CAMLEI,95,,,,,,,,,
C8,1,5/30/15,2015,5,30,8,C,VICTET,1,,,,,,,,,
C8,1,5/30/15,2015,5,30,8,C,DAUCAR,5,,,,,,,,,
C8,1,5/30/15,2015,5,30,8,C,ROSGYM,16,,,,,,,,,
C8,1,5/30/15,2015,5,30,8,C,MYOLAX,2,,,,,,,,,
C8,1,5/30/15,2015,5,30,8,C,RUBURS,1,,,,,,,,,
C8,1,5/30/15,2015,5,30,8,C,SISIDA,2,,,,,,,,,
C8,1,5/30/15,2015,5,30,8,C,AMEALN,6,,,,,,,,,
C8,1,5/30/15,2015,5,30,8,C,RUBLAC,3,,,,,,,,,
C8,1,5/30/15,2015,5,30,8,C,HOLLAN,35,,,,,,,,,
C8,1,5/30/15,2015,5,30,8,C,ANTODO,30,,,,,,,,,
C8,1,5/30/15,2015,5,30,8,C,JUNCUS,8,,,,,,,,,
C8,1,5/30/15,2015,5,30,8,C,DANCAL,2,,,,,,,,,
C8,1,5/30/15,2015,5,30,8,C,AGREXA,30,,,,,,,,,
C9,1,5/30/15,2015,5,30,9,C,DAUCAR,10,,,,,,,,,
C9,1,5/30/15,2015,5,30,9,C,RUBLAC,3,,,,,,,,,
C9,1,5/30/15,2015,5,30,9,C,RUBURS,5,,,,,,,,,
C9,1,5/30/15,2015,5,30,9,C,ROSGYM,70,,,,,,,,,
C9,1,5/30/15,2015,5,30,9,C,LEUVUL,13,,,,,,,,,
C9,1,5/30/15,2015,5,30,9,C,HIERAD,5,,,,,,,,,
C9,1,5/30/15,2015,5,30,9,C,RUBBIF,2,,,,,,,,,
C9,1,5/30/15,2015,5,30,9,C,CAMLEI,80,,,,,,,,,
C9,1,5/30/15,2015,5,30,9,C,SISIDA,2,,,,,,,,,
C9,1,5/30/15,2015,5,30,9,C,HOLLAN,6,,,,,,,,,
C9,1,5/30/15,2015,5,30,9,C,ARRELA,10,,,,,,,,,
C9,1,5/30/15,2015,5,30,9,C,ANTODO,50,,,,,,,,,
C9,1,5/30/15,2015,5,30,9,C,JUNCUS,4,,,,,,,,,
C11,1,5/30/15,2015,5,30,11,C,DAUCAR,4,,,,,,,,,
C11,1,5/30/15,2015,5,30,11,C,CAMLEI,70,,,,,,,,,
C11,1,5/30/15,2015,5,30,11,C,RANORT,4,,,,,,,,,
C11,1,5/30/15,2015,5,30,11,C,SISIDA,3,,,,,,,,,
C11,1,5/30/15,2015,5,30,11,C,HYPPER,2,,,,,,,,,
C11,1,5/30/15,2015,5,30,11,C,LEUVUL,1,,,,,,,,,
C11,1,5/30/15,2015,5,30,11,C,VICTET,2,,,,,,,,,
C11,1,5/30/15,2015,5,30,11,C,ANTODO,60,,,,,,,,,
C11,1,5/30/15,2015,5,30,11,C,ARRELA,25,,,,,,,,,
C11,1,5/30/15,2015,5,30,11,C,HOLLAN,10,,,,,,,,,
C11,1,5/30/15,2015,5,30,11,C,JUNCUS,12,,,,,,,,,
C12,1,5/30/15,2015,5,30,12,C,CAMLEI,90,,,,,,,,,
C12,1,5/30/15,2015,5,30,12,C,RUBBIF,10,,,,,,,,,
C12,1,5/30/15,2015,5,30,12,C,LEUVUL,55,,,,,,,,,
C12,1,5/30/15,2015,5,30,12,C,HIERAD,30,,,,,,,,,
C12,1,5/30/15,2015,5,30,12,C,DIAARM,1,,,,,,,,,
C12,1,5/30/15,2015,5,30,12,C,RUBURS,4,,,,,,,,,
C12,1,5/30/15,2015,5,30,12,C,DAUCAR,8,,,,,,,,,
C12,1,5/30/15,2015,5,30,12,C,FRAVIR,1,,,,,,,,,
C12,1,5/30/15,2015,5,30,12,C,TRIHYA,1,,,,,,,,,
C12,1,5/30/15,2015,5,30,12,C,HOLLAN,10,,,,,,,,,
C12,1,5/30/15,2015,5,30,12,C,ANTODO,80,,,,,,,,,
C12,1,5/30/15,2015,5,30,12,C,ARRELA,20,,,,,,,,,
C12,1,5/30/15,2015,5,30,12,C,AGREXA,7,,,,,,,,,
T1,1,5/30/15,2015,5,30,1,T,PTEAQU,16,,,,,,,,,
T1,1,5/30/15,2015,5,30,1,T,DAUCAR,8,,,,,,,,,
T1,1,5/30/15,2015,5,30,1,T,CAMLEI,80,,,,,,,,,
T1,1,5/30/15,2015,5,30,1,T,LEUVUL,10,,,,,,,,,
T1,1,5/30/15,2015,5,30,1,T,FRAVIR,8,,,,,,,,,
T1,1,5/30/15,2015,5,30,1,T,MYOLAX,20,,,,,,,,,
T1,1,5/30/15,2015,5,30,1,T,TRIHYA/DICCON,17,,,,,,,,,
T1,1,5/30/15,2015,5,30,1,T,VICSAT,2,,,,,,,,,
T1,1,5/30/15,2015,5,30,1,T,HIERAD,8,,,,,,,,,
T1,1,5/30/15,2015,5,30,1,T,ARRELA,10,,,,,,,,,
T1,1,5/30/15,2015,5,30,1,T,ANTODO,35,,,,,,,,,
T2,1,5/30/15,2015,5,30,2,T,PTEAQU,15,,,,,,,,,
T2,1,5/30/15,2015,5,30,2,T,CAMLEI,80,,,,,,,,,
T2,1,5/30/15,2015,5,30,2,T,LEUVUL,2,,,,,,,,,
T2,1,5/30/15,2015,5,30,2,T,DAUCAR,3,,,,,,,,,
T2,1,5/30/15,2015,5,30,2,T,VICTET,10,,,,,,,,,
T2,1,5/30/15,2015,5,30,2,T,MYOLAX,16,,,,,,,,,
T2,1,5/30/15,2015,5,30,2,T,RUBURS,1,,,,,,,,,
T2,1,5/30/15,2015,5,30,2,T,FRAVIR,6,,,,,,,,,
T2,1,5/30/15,2015,5,30,2,T,PLALAN,5,,,,,,,,,
T2,1,5/30/15,2015,5,30,2,T,TRIHYA/DICCON,2,,,,,,,,,
T2,1,5/30/15,2015,5,30,2,T,ARRELA,30,,,,,,,,,
T2,1,5/30/15,2015,5,30,2,T,ANTODO,35,,,,,,,,,
T3,1,5/30/15,2015,5,30,3,T,PTEAQU,31,,,,,,,,,
T3,1,5/30/15,2015,5,30,3,T,CAMLEI,65,,,,,,,,,
T3,1,5/30/15,2015,5,30,3,T,PRUVUL,2,,,,,,,,,
T3,1,5/30/15,2015,5,30,3,T,FRAVIR,35,,,,,,,,,
T3,1,5/30/15,2015,5,30,3,T,LEUVUL,11,,,,,,,,,
T3,1,5/30/15,2015,5,30,3,T,MYOLAX,6,,,,,,,,,
T3,1,5/30/15,2015,5,30,3,T,DAUCAR,4,,,,,,,,,
T3,1,5/30/15,2015,5,30,3,T,PLALAN,2,,,,,,,,,
T3,1,5/30/15,2015,5,30,3,T,HOLLAN,2,,,,,,,,,
T3,1,5/30/15,2015,5,30,3,T,ARRELA,15,,,,,,,,,
T3,1,5/30/15,2015,5,30,3,T,ANTODO,20,,,,,,,,,
T4,1,5/30/15,2015,5,30,4,T,RUBBIF,25,,,,,,,,,
T4,1,5/30/15,2015,5,30,4,T,CAMLEI,50,,,,,,,,,
T4,1,5/30/15,2015,5,30,4,T,VICTET,35,,,,,,,,,
T4,1,5/30/15,2015,5,30,4,T,DAUCAR,35,,,,,,,,,
T4,1,5/30/15,2015,5,30,4,T,LEUVUL,3,,,,,,,,,
T4,1,5/30/15,2015,5,30,4,T,DIAARM,1,,,,,,,,,
T4,1,5/30/15,2015,5,30,4,T,ANAARV,12,,,,,,,,,
T4,1,5/30/15,2015,5,30,4,T,HIERAD,2,,,,,,,,,
T4,1,5/30/15,2015,5,30,4,T,CENERY,1,,,,,,,,,
T4,1,5/30/15,2015,5,30,4,T,SISIDA,1,,,,,,,,,
T4,1,5/30/15,2015,5,30,4,T,MYOLAX,1,,,,,,,,,
T4,1,5/30/15,2015,5,30,4,T,TRIHYA/DICCON,1,,,,,,,,,
T4,1,5/30/15,2015,5,30,4,T,JUNBUF,1,,,,,,,,,
T4,1,5/30/15,2015,5,30,4,T,ARRELA,4,,,,,,,,,
T4,1,5/30/15,2015,5,30,4,T,HOLLAN,6,,,,,,,,,
T5,1,5/30/15,2015,5,30,5,T,MYOLAX,12,,,,,,,,,
T5,1,5/30/15,2015,5,30,5,T,DAUCAR,3,,,,,,,,,
T5,1,5/30/15,2015,5,30,5,T,VICTET,3,,,,,,,,,
T5,1,5/30/15,2015,5,30,5,T,RUBURS,12,,,,,,,,,
T5,1,5/30/15,2015,5,30,5,T,CAMLEI,72,,,,,,,,,
T5,1,5/30/15,2015,5,30,5,T,RUMACE,10,,,,,,,,,
T5,1,5/30/15,2015,5,30,5,T,LEUVUL,1,,,,,,,,,
T5,1,5/30/15,2015,5,30,5,T,PLALAN,2,,,,,,,,,
T5,1,5/30/15,2015,5,30,5,T,HIERAD,2,,,,,,,,,
T5,1,5/30/15,2015,5,30,5,T,ANAARV,2,,,,,,,,,
T5,1,5/30/15,2015,5,30,5,T,TRIDUB,1,,,,,,,,,
T5,1,5/30/15,2015,5,30,5,T,ANTODO,10,,,,,,,,,
T5,1,5/30/15,2015,5,30,5,T,ARRELA,4,,,,,,,,,
T6,1,5/30/15,2015,5,30,6,T,RUMACE,4,,,,,,,,,
T6,1,5/30/15,2015,5,30,6,T,VERSER,10,,,,,,,,,
T6,1,5/30/15,2015,5,30,6,T,CAMLEI,80,,,,,,,,,
T6,1,5/30/15,2015,5,30,6,T,GALTRI,9,,,,,,,,,
T6,1,5/30/15,2015,5,30,6,T,DAUCAR,1,,,,,,,,,
T6,1,5/30/15,2015,5,30,6,T,MYOLAX,20,,,,,,,,,
T6,1,5/30/15,2015,5,30,6,T,HIERAD,1,,,,,,,,,
T6,1,5/30/15,2015,5,30,6,T,RUBBIF,1,,,,,,,,,
T6,1,5/30/15,2015,5,30,6,T,DICCON,2,,,,,,,,,
T6,1,5/30/15,2015,5,30,6,T,ANTODO,50,,,,,,,,,
T6,1,5/30/15,2015,5,30,6,T,ARRELA,10,,,,,,,,,
T7,1,5/30/15,2015,5,30,7,T,LEUVUL,20,,,,,,,,,
T7,1,5/30/15,2015,5,30,7,T,DAUCAR,18,,,,,,,,,
T7,1,5/30/15,2015,5,30,7,T,CAMLEI,65,,,,,,,,,
T7,1,5/30/15,2015,5,30,7,T,HIERAD,2,,,,,,,,,
T7,1,5/30/15,2015,5,30,7,T,RUBURS,8,,,,,,,,,
T7,1,5/30/15,2015,5,30,7,T,NAVSQU,1,,,,,,,,,
T7,1,5/30/15,2015,5,30,7,T,ROSGYM,1,,,,,,,,,
T7,1,5/30/15,2015,5,30,7,T,ERIPHI,4,,,,,,,,,
T7,1,5/30/15,2015,5,30,7,T,ANTODO,50,,,,,,,,,
T7,1,5/30/15,2015,5,30,7,T,HOLLAN,8,,,,,,,,,
T8,1,5/30/15,2015,5,30,8,T,CAMLEI,85,,,,,,,,,
T8,1,5/30/15,2015,5,30,8,T,VICTET,20,,,,,,,,,
T8,1,5/30/15,2015,5,30,8,T,DAUCAR,8,,,,,,,,,
T8,1,5/30/15,2015,5,30,8,T,LEUVUL,5,,,,,,,,,
T8,1,5/30/15,2015,5,30,8,T,ROSGYM,2,,,,,,,,,
T8,1,5/30/15,2015,5,30,8,T,MYOLAX,2,,,,,,,,,
T8,1,5/30/15,2015,5,30,8,T,RUBURS,1,,,,,,,,,
T8,1,5/30/15,2015,5,30,8,T,TRIHYA,1,,,,,,,,,
T8,1,5/30/15,2015,5,30,8,T,XXX,3,,,,,,,,,
T8,1,5/30/15,2015,5,30,8,T,HOLLAN,40,,,,,,,,,
T8,1,5/30/15,2015,5,30,8,T,AGREXA,15,,,,,,,,,
T8,1,5/30/15,2015,5,30,8,T,ANTODO,4,,,,,,,,,
T8,1,5/30/15,2015,5,30,8,T,JUNCUS,3,,,,,,,,,
T8,1,5/30/15,2015,5,30,8,T,XXX (NO INFLORESCENCE),6,,,,,,,,,
T9,1,5/30/15,2015,5,30,9,T,DAUCAR,10,,,,,,,,,
T9,1,5/30/15,2015,5,30,9,T,LEUVUL,6,,,,,,,,,
T9,1,5/30/15,2015,5,30,9,T,ROSGYM,8,,,,,,,,,
T9,1,5/30/15,2015,5,30,9,T,FRAVIR,6,,,,,,,,,
T9,1,5/30/15,2015,5,30,9,T,CAMLEI,75,,,,,,,,,
T9,1,5/30/15,2015,5,30,9,T,HIERAD,12,,,,,,,,,
T9,1,5/30/15,2015,5,30,9,T,RUBURS,3,,,,,,,,,
T9,1,5/30/15,2015,5,30,9,T,DIAARM,1,,,,,,,,,
T9,1,5/30/15,2015,5,30,9,T,VICTET,4,,,,,,,,,
T9,1,5/30/15,2015,5,30,9,T,SISIDA,3,,,,,,,,,
T9,1,5/30/15,2015,5,30,9,T,ANTODO,35,,,,,,,,,
T9,1,5/30/15,2015,5,30,9,T,ARRELA,1,,,,,,,,,
T9,1,5/30/15,2015,5,30,9,T,HOLLAN,8,,,,,,,,,
T11,1,5/30/15,2015,5,30,11,T,DAUCAR,5,,,,,,,,,
T11,1,5/30/15,2015,5,30,11,T,POLYGO,2,,,,,,,,,
T11,1,5/30/15,2015,5,30,11,T,VICTET,2,,,,,,,,,
T11,1,5/30/15,2015,5,30,11,T,JUNBUF,8,,,,,,,,,
T11,1,5/30/15,2015,5,30,11,T,TRIHYA/DICCON,32,,,,,,,,,
T11,1,5/30/15,2015,5,30,11,T,CAMLEI,75,,,,,,,,,
T11,1,5/30/15,2015,5,30,11,T,RANORT,1,,,,,,,,,
T11,1,5/30/15,2015,5,30,11,T,ANTODO,15,,,,,,,,,
T11,1,5/30/15,2015,5,30,11,T,ARRELA,15,,,,,,,,,
T11,1,5/30/15,2015,5,30,11,T,JUNCUS,1,,,,,,,,,
T12,1,5/30/15,2015,5,30,12,T,CAMLEI,70,,,,,,,,,
T12,1,5/30/15,2015,5,30,12,T,DAUCAR,70,,,,,,,,,
T12,1,5/30/15,2015,5,30,12,T,VICSAT,5,,,,,,,,,
T12,1,5/30/15,2015,5,30,12,T,RUMACE,2,,,,,,,,,
T12,1,5/30/15,2015,5,30,12,T,HYPPER,2,,,,,,,,,
T12,1,5/30/15,2015,5,30,12,T,LEUVUL,3,,,,,,,,,
T12,1,5/30/15,2015,5,30,12,T,FRAVIR,4,,,,,,,,,
T12,1,5/30/15,2015,5,30,12,T,HIERAD,11,,,,,,,,,
T12,1,5/30/15,2015,5,30,12,T,RUBURS,3,,,,,,,,,
T12,1,5/30/15,2015,5,30,12,T,JUNBUF,2,,,,,,,,,
T12,1,5/30/15,2015,5,30,12,T,ANTODO,40,,,,,,,,,
T12,1,5/30/15,2015,5,30,12,T,AGREXA,10,,,,,,,,,
C4,2,5/28/16,2016,5,28,4,C,ERIPHI,20,,,,,,,,,
C4,2,5/28/16,2016,5,28,4,C,RUBBIF,45,,,,,,,,,
C4,2,5/28/16,2016,5,28,4,C,RUMACE,2,,,,,,,,,
C4,2,5/28/16,2016,5,28,4,C,ANAARV,30,,,,,,,,,
C4,2,5/28/16,2016,5,28,4,C,DAUCAR,40,,,,,,,,,
C4,2,5/28/16,2016,5,28,4,C,HIERAD,10,,,,,,,,,
C4,2,5/28/16,2016,5,28,4,C,LEUVUL,15,,,,,,,,,
C4,2,5/28/16,2016,5,28,4,C,ANTODO,25,,,,,,,,,
C4,2,5/28/16,2016,5,28,4,C,VICTET,3,,,,,,,,,
C4,2,5/28/16,2016,5,28,4,C,HOLLAN,4,,,,,,,,,
C4,2,5/28/16,2016,5,28,4,C,CAMLEI,55,,,,,,,,,
C4,2,5/28/16,2016,5,28,4,C,HYPPER,1,,,,,,,,,
C4,2,5/28/16,2016,5,28,4,C,MYOLAX,1,,,,,,,,,
C4,2,5/28/16,2016,5,28,4,C,SHEARV,3,,,,,,,,,
C5,2,5/28/16,2016,5,28,5,C,SYMSP.,5,,,,,,,,,
C5,2,5/28/16,2016,5,28,5,C,DAUCAR,40,,,,,,,,,
C5,2,5/28/16,2016,5,28,5,C,LEUVUL,5,,,,,,,,,
C5,2,5/28/16,2016,5,28,5,C,ERIPHI,2,,,,,,,,,
C5,2,5/28/16,2016,5,28,5,C,RUMACE,2,,,,,,,,,
C5,2,5/28/16,2016,5,28,5,C,MYOLAX,3,,,,,,,,,
C5,2,5/28/16,2016,5,28,5,C,TRIPRA,1,,,,,,,,,
C5,2,5/28/16,2016,5,28,5,C,HIERAD,1,,,,,,,,,
C5,2,5/28/16,2016,5,28,5,C,RUBBIF,5,,,,,,,,,
C5,2,5/28/16,2016,5,28,5,C,RUBURS,10,,,,,,,,,
C5,2,5/28/16,2016,5,28,5,C,FRAVIR,25,,,,,,,,,
C5,2,5/28/16,2016,5,28,5,C,PLALAN,5,,,,,,,,,
C5,2,5/28/16,2016,5,28,5,C,TRIHYA,12,,,,,,,,,
C5,2,5/28/16,2016,5,28,5,C,ANTODO,25,,,,,,,,,
C5,2,5/28/16,2016,5,28,5,C,ARRELA,25,,,,,,,,,
C6,2,5/28/16,2016,5,28,6,C,CENERY,1,,,,,,,,,
C6,2,5/28/16,2016,5,28,6,C,CAMLEI,85,,,,,,,,,
C6,2,5/28/16,2016,5,28,6,C,RUBURS,8,,,,,,,,,
C6,2,5/28/16,2016,5,28,6,C,RUMACE,12,,,,,,,,,
C6,2,5/28/16,2016,5,28,6,C,FRAVIR,25,,,,,,,,,
C6,2,5/28/16,2016,5,28,6,C,ARRELA,30,,,,,,,,,
C6,2,5/28/16,2016,5,28,6,C,ANTODO,40,,,,,,,,,
C6,2,5/28/16,2016,5,28,6,C,AGREXA,1,,,,,,,,,
C6,2,5/28/16,2016,5,28,6,C,BROJAP,5,,,,,,,,,
C6,2,5/28/16,2016,5,28,6,C,CAREX,20,,,,,,,,,
C6,2,5/28/16,2016,5,28,6,C,AIRCAR,2,,,,,,,,,
C6,2,5/28/16,2016,5,28,6,C,DAUCAR,1,,,,,,,,,
C6,2,5/28/16,2016,5,28,6,C,LEUVUL,1,,,,,,,,,
C6,2,5/28/16,2016,5,28,6,C,TRIDUB,1,,,,,,,,,
C9,2,5/28/16,2016,5,28,9,C,HIERAD,5,,,,,,,,,
C9,2,5/28/16,2016,5,28,9,C,MYOLAX,25,,,,,,,,,
C9,2,5/28/16,2016,5,28,9,C,RANORT,15,,,,,,,,,
C9,2,5/28/16,2016,5,28,9,C,VICTET,15,,,,,,,,,
C9,2,5/28/16,2016,5,28,9,C,ROSGYM,5,,,,,,,,,
C9,2,5/28/16,2016,5,28,9,C,ARRELA,40,,,,,,,,,
C9,2,5/28/16,2016,5,28,9,C,ANTODO,15,,,,,,,,,
C9,2,5/28/16,2016,5,28,9,C,TRIHYA,15,,,,,,,,,
C9,2,5/28/16,2016,5,28,9,C,CAREX,40,,,,,,,,,
C9,2,5/28/16,2016,5,28,9,C,SHEARV,10,,,,,,,,,
C9,2,5/28/16,2016,5,28,9,C,UNKNOWN 1,6,,,,,,,,,
C9,2,5/28/16,2016,5,28,9,C,AGREXA,15,,,,,,,,,
C9,2,5/28/16,2016,5,28,9,C,DANCAL,8,,,,,,,,,
C9,2,5/28/16,2016,5,28,9,C,DAUCAR,2,,,,,,,,,
C9,2,5/28/16,2016,5,28,9,C,CAMLEI,80,,,,,,,,,
C8,2,5/28/16,2016,5,28,8,C,CAMLEI,90,,,,,,,,,
C8,2,5/28/16,2016,5,28,8,C,ROSGYM,12,,,,,,,,,
C8,2,5/28/16,2016,5,28,8,C,FRAVIR,10,,,,,,,,,
C8,2,5/28/16,2016,5,28,8,C,SHEARV,10,,,,,,,,,
C8,2,5/28/16,2016,5,28,8,C,MYOLAX,5,,,,,,,,,
C8,2,5/28/16,2016,5,28,8,C,VICTET,5,,,,,,,,,
C8,2,5/28/16,2016,5,28,8,C,TRIHYA,30,,,,,,,,,
C8,2,5/28/16,2016,5,28,8,C,SISIDA,5,,,,,,,,,
C8,2,5/28/16,2016,5,28,8,C,JUNBUF,10,,,,,,,,,
C8,2,5/28/16,2016,5,28,8,C,ANTODO,50,,,,,,,,,
C8,2,5/28/16,2016,5,28,8,C,HOLLAN,5,,,,,,,,,
C8,2,5/28/16,2016,5,28,8,C,ARRELA,40,,,,,,,,,
C8,2,5/28/16,2016,5,28,8,C,HIERAD,4,,,,,,,,,
C8,2,5/28/16,2016,5,28,8,C,DANCAL,10,,,,,,,,,
C12,2,6/15/16,2016,6,15,12,C,LEUVUL,15,,,,,,,,,
C12,2,6/15/16,2016,6,15,12,C,CAMLEI,80,,,,,,,,,
C12,2,6/15/16,2016,6,15,12,C,HOLLAN,3,,,,,,,,,
C12,2,6/15/16,2016,6,15,12,C,RUBBIF,3,,,,,,,,,
C12,2,6/15/16,2016,6,15,12,C,PTEAQU,3,,,,,,,,,
C12,2,6/15/16,2016,6,15,12,C,FRAVIR,,,,,,,,,,
C12,2,6/15/16,2016,6,15,12,C,ARRELA,10,,,,,,,,,
C12,2,6/15/16,2016,6,15,12,C,VICTET,1,,,,,,,,,
C12,2,6/15/16,2016,6,15,12,C,DIAARM,1,,,,,,,,,
C12,2,6/15/16,2016,6,15,12,C,AIRCAR,2,,,,,,,,,
C12,2,6/15/16,2016,6,15,12,C,SHEARV,2,,,,,,,,,
C12,2,6/15/16,2016,6,15,12,C,ANTODO,80,,,,,,,,,
C12,2,6/15/16,2016,6,15,12,C,HIERAD,4,,,,,,,,,
C12,2,6/15/16,2016,6,15,12,C,HYPPER,1,,,,,,,,,
C3,2,6/15/16,2016,6,15,3,C,LEUVUL,60,,,,,,,,,
C3,2,6/15/16,2016,6,15,3,C,FRAVIR,70,,,,,,,,,
C3,2,6/15/16,2016,6,15,3,C,CAMLEI,65,,,,,,,,,
C3,2,6/15/16,2016,6,15,3,C,RUBURS,8,,,,,,,,,
C3,2,6/15/16,2016,6,15,3,C,ANTODO,35,,,,,,,,,
C3,2,6/15/16,2016,6,15,3,C,HOLLAN,2,,,,,,,,,
C3,2,6/15/16,2016,6,15,3,C,VICTET,3,,,,,,,,,
C3,2,6/15/16,2016,6,15,3,C,ARRELA,20,,,,,,,,,
C3,2,6/15/16,2016,6,15,3,C,DAUCAR,6,,,,,,,,,
C3,2,6/15/16,2016,6,15,3,C,PRUVUL,4,,,,,,,,,
C3,2,6/15/16,2016,6,15,3,C,PTEAQU,5,,,,,,,,,
C3,2,6/15/16,2016,6,15,3,C,MYOLAX,1,,,,,,,,,
C3,2,6/15/16,2016,6,15,3,C,PLALAN,10,,,,,,,,,
C2,2,6/15/16,2016,6,15,2,C,ROSGYM,40,,,,,,,,,
C2,2,6/15/16,2016,6,15,2,C,CAMLEI,90,,,,,,,,,
C2,2,6/15/16,2016,6,15,2,C,FRAVIR,55,,,,,,,,,
C2,2,6/15/16,2016,6,15,2,C,PTEAQU,10,,,,,,,,,
C2,2,6/15/16,2016,6,15,2,C,ANTODO,50,,,,,,,,,
C2,2,6/15/16,2016,6,15,2,C,RUBURS,22,,,,,,,,,
C2,2,6/15/16,2016,6,15,2,C,DIAARM,1,,,,,,,,,
C2,2,6/15/16,2016,6,15,2,C,PLALAN,15,,,,,,,,,
C2,2,6/15/16,2016,6,15,2,C,DAUCAR,9,,,,,,,,,
C2,2,6/15/16,2016,6,15,2,C,HYPPER,1,,,,,,,,,
C2,2,6/15/16,2016,6,15,2,C,VICTET,5,,,,,,,,,
C2,2,6/15/16,2016,6,15,2,C,SHEARV,7,,,,,,,,,
C2,2,6/15/16,2016,6,15,2,C,MYOLAX,6,,,,,,,,,
C2,2,6/15/16,2016,6,15,2,C,HIERAD,4,,,,,,,,,
C2,2,6/15/16,2016,6,15,2,C,ARRELA,25,,,,,,,,,
C2,2,6/15/16,2016,6,15,2,C,LEUVUL,10,,,,,,,,,
C2,2,6/15/16,2016,6,15,2,C,ELYGLA,2,,,,,,,,,
C7,2,6/15/16,2016,6,15,7,C,ERIPHI,2,,,,,,,,,
C7,2,6/15/16,2016,6,15,7,C,CERARV,3,,,,,,,,,
C7,2,6/15/16,2016,6,15,7,C,HIERAD,18,,,,,,,,,
C7,2,6/15/16,2016,6,15,7,C,PTEAQU,30,,,,,,,,,
C7,2,6/15/16,2016,6,15,7,C,RUBURS,40,,,,,,,,,
C7,2,6/15/16,2016,6,15,7,C,NAVSQU,1,,,,,,,,,
C7,2,6/15/16,2016,6,15,7,C,LEUVUL,35,,,,,,,,,
C7,2,6/15/16,2016,6,15,7,C,DAUCAR,18,,,,,,,,,
C7,2,6/15/16,2016,6,15,7,C,ANTODO,35,,,,,,,,,
C7,2,6/15/16,2016,6,15,7,C,CAMLEI,60,,,,,,,,,
C7,2,6/15/16,2016,6,15,7,C,DIAARM,2,,,,,,,,,
C7,2,6/15/16,2016,6,15,7,C,SHEARV,5,,,,,,,,,
C7,2,6/15/16,2016,6,15,7,C,ANAARV,1,,,,,,,,,
C7,2,6/15/16,2016,6,15,7,C,JUNBUF,1,,,,,,,,,
C7,2,6/15/16,2016,6,15,7,C,CAREX,1,,,,,,,,,
C7,2,6/15/16,2016,6,15,7,C,VERSER,1,,,,,,,,,
C7,2,6/15/16,2016,6,15,7,C,AGREXA,3,,,,,,,,,
C7,2,6/15/16,2016,6,15,7,C,POAANN,1,,,,,,,,,
C7,2,6/15/16,2016,6,15,7,C,MYOLAX,3,,,,,,,,,
C7,2,6/15/16,2016,6,15,7,C,VICTET,3,,,,,,,,,
C7,2,6/15/16,2016,6,15,7,C,CENERY,3,,,,,,,,,
C7,2,6/15/16,2016,6,15,7,C,AIRCAR,2,,,,,,,,,
C7,2,6/15/16,2016,6,15,7,C,LEUVUL,3,,,,,,,,,
C11,2,6/15/16,2016,6,15,11,C,CAMLEI,95,,,,,,,,,
C11,2,6/15/16,2016,6,15,11,C,HOLLAN,20,,,,,,,,,
C11,2,6/15/16,2016,6,15,11,C,ARRELA,70,,,,,,,,,
C11,2,6/15/16,2016,6,15,11,C,JUNCUS,20,,,,,,,,,
C11,2,6/15/16,2016,6,15,11,C,DIAARM,2,,,,,,,,,
C11,2,6/15/16,2016,6,15,11,C,VICTET,25,,,,,,,,,
C11,2,6/15/16,2016,6,15,11,C,HIERAD,4,,,,,,,,,
C11,2,6/15/16,2016,6,15,11,C,DAUCAR,1,,,,,,,,,
C11,2,6/15/16,2016,6,15,11,C,RANORT,4,,,,,,,,,
C11,2,6/15/16,2016,6,15,11,C,POLYGO,1,,,,,,,,,
C11,2,6/15/16,2016,6,15,11,C,DANCAL,12,,,,,,,,,
C11,2,6/15/16,2016,6,15,11,C,VERSER,1,,,,,,,,,
C11,2,6/15/16,2016,6,15,11,C,HYPPER,1,,,,,,,,,
T4,2,5/28/16,2016,5,28,4,T,RUBBIF,33,,,,,,,,,
T4,2,5/28/16,2016,5,28,4,T,CAMLEI,70,,,,,,,,,
T4,2,5/28/16,2016,5,28,4,T,DAUCAR,33,,,,,,,,,
T4,2,5/28/16,2016,5,28,4,T,LEUVUL,7,,,,,,,,,
T4,2,5/28/16,2016,5,28,4,T,ANAARV,30,,,,,,,,,
T4,2,5/28/16,2016,5,28,4,T,DIAARM,1,,,,,,,,,
T4,2,5/28/16,2016,5,28,4,T,VICTET,3,,,,,,,,,
T4,2,5/28/16,2016,5,28,4,T,ERIPHI,1,,,,,,,,,
T4,2,5/28/16,2016,5,28,4,T,FRAVIR,1,,,,,,,,,
T4,2,5/28/16,2016,5,28,4,T,ANTODO,20,,,,,,,,,
T4,2,5/28/16,2016,5,28,4,T,AGREXA,,,,,,,,,,
T4,2,5/28/16,2016,5,28,4,T,MYOLAX,5,,,,,,,,,
T4,2,5/28/16,2016,5,28,4,T,HIERAD,5,,,,,,,,,
T4,2,5/28/16,2016,5,28,4,T,ARRELA,2,,,,,,,,,
T4,2,5/28/16,2016,5,28,4,T,SISIDA,1,,,,,,,,,
T5,2,5/28/16,2016,5,28,5,T,HIERAD,12,,,,,,,,,
T5,2,5/28/16,2016,5,28,5,T,RUMACE,80,,,,,,,,,
T5,2,5/28/16,2016,5,28,5,T,RUBURS,20,,,,,,,,,
T5,2,5/28/16,2016,5,28,5,T,LEUVUL,20,,,,,,,,,
T5,2,5/28/16,2016,5,28,5,T,MYOLAX,20,,,,,,,,,
T5,2,5/28/16,2016,5,28,5,T,SHEARV,1,,,,,,,,,
T5,2,5/28/16,2016,5,28,5,T,CAMLEI,85,,,,,,,,,
T5,2,5/28/16,2016,5,28,5,T,ANTODO,50,,,,,,,,,
T5,2,5/28/16,2016,5,28,5,T,ARRELA,2,,,,,,,,,
T5,2,5/28/16,2016,5,28,5,T,BROJAP,20,,,,,,,,,
T5,2,5/28/16,2016,5,28,5,T,DIAARM,2,,,,,,,,,
T5,2,5/28/16,2016,5,28,5,T,HOLLAN,2,,,,,,,,,
T5,2,5/28/16,2016,5,28,5,T,TRIDUB,2,,,,,,,,,
T5,2,5/28/16,2016,5,28,5,T,DAUCAR,7,,,,,,,,,
T5,2,5/28/16,2016,5,28,5,T,FRAVIR,2,,,,,,,,,
T6,2,5/28/16,2016,5,28,6,T,SHEARV,5,,,,,,,,,
T6,2,5/28/16,2016,5,28,6,T,CAMLEI,85,,,,,,,,,
T6,2,5/28/16,2016,5,28,6,T,DAUCAR,10,,,,,,,,,
T6,2,5/28/16,2016,5,28,6,T,RUMACE,90,,,,,,,,,
T6,2,5/28/16,2016,5,28,6,T,DIAARM,15,,,,,,,,,
T6,2,5/28/16,2016,5,28,6,T,HIERAD,10,,,,,,,,,
T6,2,5/28/16,2016,5,28,6,T,RUBURS,,,,,,,,,,
T6,2,5/28/16,2016,5,28,6,T,ANTODO,60,,,,,,,,,
T6,2,5/28/16,2016,5,28,6,T,HOLLAN,10,,,,,,,,,
T6,2,5/28/16,2016,5,28,6,T,ARRELA,7,,,,,,,,,
T6,2,5/28/16,2016,5,28,6,T,BROJAP,20,,,,,,,,,
T6,2,5/28/16,2016,5,28,6,T,LEUVUL,3,,,,,,,,,
T6,2,5/28/16,2016,5,28,6,T,FRAVIR,1,,,,,,,,,
T6,2,5/28/16,2016,5,28,6,T,PRUVUL,2,,,,,,,,,
T6,2,5/28/16,2016,5,28,6,T,MYOLAX,1,,,,,,,,,
T6,2,5/28/16,2016,5,28,6,T,VERPER,5,,,,,,,,,
T6,2,5/28/16,2016,5,28,6,T,AIRCAR,2,,,,,,,,,
T6,2,5/28/16,2016,5,28,6,T,DICCON,1,,,,,,,,,
T9,2,5/28/16,2016,5,28,9,T,HIERAD,12,,,,,,,,,
T9,2,5/28/16,2016,5,28,9,T,MYOLAX,60,,,,,,,,,
T9,2,5/28/16,2016,5,28,9,T,DAUCAR,15,,,,,,,,,
T9,2,5/28/16,2016,5,28,9,T,VICTET,2,,,,,,,,,
T9,2,5/28/16,2016,5,28,9,T,ROSGYM,5,,,,,,,,,
T9,2,5/28/16,2016,5,28,9,T,ARRELA,70,,,,,,,,,
T9,2,5/28/16,2016,5,28,9,T,ANTODO,50,,,,,,,,,
T9,2,5/28/16,2016,5,28,9,T,HOLLAN,20,,,,,,,,,
T9,2,5/28/16,2016,5,28,9,T,CAREX,5,,,,,,,,,
T9,2,5/28/16,2016,5,28,9,T,SHEARV,2,,,,,,,,,
T9,2,5/28/16,2016,5,28,9,T,SISIDA,1,,,,,,,,,
T9,2,5/28/16,2016,5,28,9,T,CAMLEI,90,,,,,,,,,
T8,2,5/28/16,2016,5,28,8,T,MYOLAX,30,,,,,,,,,
T8,2,5/28/16,2016,5,28,8,T,CAMLEI,90,,,,,,,,,
T8,2,5/28/16,2016,5,28,8,T,DAUCAR,45,,,,,,,,,
T8,2,5/28/16,2016,5,28,8,T,ROSGYM,5,,,,,,,,,
T8,2,5/28/16,2016,5,28,8,T,ANTODO,80,,,,,,,,,
T8,2,5/28/16,2016,5,28,8,T,ARRELA,10,,,,,,,,,
T8,2,5/28/16,2016,5,28,8,T,HOLLAN,15,,,,,,,,,
T8,2,5/28/16,2016,5,28,8,T,JUNBUF,3,,,,,,,,,
T8,2,5/28/16,2016,5,28,8,T,TRIHYA,5,,,,,,,,,
T8,2,5/28/16,2016,5,28,8,T,VICTET,2,,,,,,,,,
T8,2,5/28/16,2016,5,28,8,T,SHEARV,2,,,,,,,,,
T12,2,6/15/16,2016,6,15,12,T,CAMLEI,55,,,,,,,,,
T12,2,6/15/16,2016,6,15,12,T,LEUVUL,20,,,,,,,,,
T12,2,6/15/16,2016,6,15,12,T,DAUCAR,65,,,,,,,,,
T12,2,6/15/16,2016,6,15,12,T,HOLLAN,18,,,,,,,,,
T12,2,6/15/16,2016,6,15,12,T,ANTODO,60,,,,,,,,,
T12,2,6/15/16,2016,6,15,12,T,DIAARM,25,,,,,,,,,
T12,2,6/15/16,2016,6,15,12,T,RUMACE,13,,,,,,,,,
T12,2,6/15/16,2016,6,15,12,T,RUBURS,10,,,,,,,,,
T12,2,6/15/16,2016,6,15,12,T,HIERAD,15,,,,,,,,,
T12,2,6/15/16,2016,6,15,12,T,AGREXA,5,,,,,,,,,
T12,2,6/15/16,2016,6,15,12,T,HYPPER,2,,,,,,,,,
T12,2,6/15/16,2016,6,15,12,T,ACMAME,2,,,,,,,,,
T12,2,6/15/16,2016,6,15,12,T,PTEAQU,2,,,,,,,,,
T3,2,6/15/16,2016,6,15,3,T,PRUVUL,20,,,,,,,,,
T3,2,6/15/16,2016,6,15,3,T,DIAARM,15,,,,,,,,,
T3,2,6/15/16,2016,6,15,3,T,DAUCAR,7,,,,,,,,,
T3,2,6/15/16,2016,6,15,3,T,LEUVUL,35,,,,,,,,,
T3,2,6/15/16,2016,6,15,3,T,FRAVIR,80,,,,,,,,,
T3,2,6/15/16,2016,6,15,3,T,CAMLEI,55,,,,,,,,,
T3,2,6/15/16,2016,6,15,3,T,PTEAQU,20,,,,,,,,,
T3,2,6/15/16,2016,6,15,3,T,ROSGYM,3,,,,,,,,,
T3,2,6/15/16,2016,6,15,3,T,ARRELA,25,,,,,,,,,
T3,2,6/15/16,2016,6,15,3,T,ANTODO,18,,,,,,,,,
T3,2,6/15/16,2016,6,15,3,T,HIERAD,7,,,,,,,,,
T3,2,6/15/16,2016,6,15,3,T,RUBURS,3,,,,,,,,,
T3,2,6/15/16,2016,6,15,3,T,VICTET,1,,,,,,,,,
T2,2,6/15/16,2016,6,15,2,T,PTEAQU,45,,,,,,,,,
T2,2,6/15/16,2016,6,15,2,T,HOLLAN,15,,,,,,,,,
T2,2,6/15/16,2016,6,15,2,T,ANTODO,80,,,,,,,,,
T2,2,6/15/16,2016,6,15,2,T,ARRELA,50,,,,,,,,,
T2,2,6/15/16,2016,6,15,2,T,DIAARM,5,,,,,,,,,
T2,2,6/15/16,2016,6,15,2,T,FRAVIR,25,,,,,,,,,
T2,2,6/15/16,2016,6,15,2,T,RUMACE,4,,,,,,,,,
T2,2,6/15/16,2016,6,15,2,T,LEUVUL,15,,,,,,,,,
T2,2,6/15/16,2016,6,15,2,T,DAUCAR,6,,,,,,,,,
T2,2,6/15/16,2016,6,15,2,T,VICTET,5,,,,,,,,,
T2,2,6/15/16,2016,6,15,2,T,RUBURS,4,,,,,,,,,
T2,2,6/15/16,2016,6,15,2,T,CAMLEI,85,,,,,,,,,
T2,2,6/15/16,2016,6,15,2,T,MYOLAX,3,,,,,,,,,
T2,2,6/15/16,2016,6,15,2,T,PLALAN,4,,,,,,,,,
T2,2,6/15/16,2016,6,15,2,T,ROSGYM,1,,,,,,,,,
T11,2,6/15/16,2016,6,15,11,T,HOLLAN,65,,,,,,,,,
T11,2,6/15/16,2016,6,15,11,T,TRIHYA,9,,,,,,,,,
T11,2,6/15/16,2016,6,15,11,T,DIAARM,15,,,,,,,,,
T11,2,6/15/16,2016,6,15,11,T,DAUCAR,15,,,,,,,,,
T11,2,6/15/16,2016,6,15,11,T,ARRELA,30,,,,,,,,,
T11,2,6/15/16,2016,6,15,11,T,ANTODO,40,,,,,,,,,
T11,2,6/15/16,2016,6,15,11,T,CAMLEI,85,,,,,,,,,
T11,2,6/15/16,2016,6,15,11,T,RANORT,2,,,,,,,,,
T11,2,6/15/16,2016,6,15,11,T,POLYGO,3,,,,,,,,,
T11,2,6/15/16,2016,6,15,11,T,VERSER,2,,,,,,,,,
T7,2,6/15/16,2016,6,15,7,T,RUMACE,45,,,,,,,,,
T7,2,6/15/16,2016,6,15,7,T,ERIPHI,2,,,,,,,,,
T7,2,6/15/16,2016,6,15,7,T,DIAARM,2,,,,,,,,,
T7,2,6/15/16,2016,6,15,7,T,LEUVUL,7,,,,,,,,,
T7,2,6/15/16,2016,6,15,7,T,ANAARV,2,,,,,,,,,
T7,2,6/15/16,2016,6,15,7,T,DAUCAR,4,,,,,,,,,
T7,2,6/15/16,2016,6,15,7,T,HIERAD,15,,,,,,,,,
T7,2,6/15/16,2016,6,15,7,T,RUBURS,20,,,,,,,,,
T7,2,6/15/16,2016,6,15,7,T,VICTET,5,,,,,,,,,
T7,2,6/15/16,2016,6,15,7,T,SHEARV,5,,,,,,,,,
T7,2,6/15/16,2016,6,15,7,T,CAMLEI,60,,,,,,,,,
T7,2,6/15/16,2016,6,15,7,T,ANTODO,40,,,,,,,,,
T7,2,6/15/16,2016,6,15,7,T,POAANN,4,,,,,,,,,
T7,2,6/15/16,2016,6,15,7,T,MYOLAX,2,,,,,,,,,
T10,2,6/15/16,2016,6,15,10,T,GALTRI,6,,,,,,,,,
T10,2,6/15/16,2016,6,15,10,T,EPIDEN,75,,,,,,,,,
T10,2,6/15/16,2016,6,15,10,T,TRIHYA,30,,,,,,,,,
T10,2,6/15/16,2016,6,15,10,T,STARIG,55,,,,,,,,,
T10,2,6/15/16,2016,6,15,10,T,RUMEX,2,,,,,,,,,
T10,2,6/15/16,2016,6,15,10,T,CENERY,4,,,,,,,,,
T10,2,6/15/16,2016,6,15,10,T,CAREX,12,,,,,,,,,
T10,2,6/15/16,2016,6,15,10,T,HOLLAN,2,,,,,,,,,
T10,2,6/15/16,2016,6,15,10,T,ELEOCHARIS,0,,,,,,,,,
T10,2,6/15/16,2016,6,15,10,T,ARRELA,5,,,,,,,,,
T10,2,6/15/16,2016,6,15,10,T,ANTODO,7,,,,,,,,,
T10,2,6/15/16,2016,6,15,10,T,CAMLEI,10,,,,,,,,,
C10,2,6/15/16,2016,6,15,10,C,TRIHYA,20,,,,,,,,,
C10,2,6/15/16,2016,6,15,10,C,CAMLEI,40,,,,,,,,,
C10,2,6/15/16,2016,6,15,10,C,STARIG,20,,,,,,,,,
C10,2,6/15/16,2016,6,15,10,C,EPIDEN,10,,,,,,,,,
C10,2,6/15/16,2016,6,15,10,C,ARRELA,75,,,,,,,,,
C10,2,6/15/16,2016,6,15,10,C,EPIBRA,2,,,,,,,,,
C10,2,6/15/16,2016,6,15,10,C,CAREX,70,,,,,,,,,
C10,2,6/15/16,2016,6,15,10,C,ELEOCHARIS,70,,,,,,,,,
C10,2,6/15/16,2016,6,15,10,C,ANTODO,10,,,,,,,,,
C10,2,6/15/16,2016,6,15,10,C,HYPANA,1,,,,,,,,,
C10,2,6/15/16,2016,6,15,10,C,ASTER,5,,,,,,,,,
,,,,,,,,,,,,,,,,,,
,,,,,,,,,,,,,,,,,,